#,DevelopmentLogText,DevelopmentLogName,DevelopmentLogDescription
0,,,
1,제1호,우주 개척 계획 개시,"저 레포팅웨이가 붓을 잡고 이 우주 개척 계획이 나아갈 탐색의 발자취를 기록하게 되었습니다.
앞으로 잘 부탁드립니다.

자, 서칭웨이 주임이 세운 장대한 계획이 드디어 시작되었습니다!
달에서 바깥 우주로 향하는 항구가 되었으면 하는 바람으로 설치한 '달 관문 기지'에는 몇몇 기기들만 가져다 놓았을 뿐입니다.
월면 그리고 다른 별에 있을 광활한 대지를 달리게 될지도 모르는 중장비가 대기하는 격납고와 계획에 협력해 주시는 여러분께서 사용할 비품을 취급하는 상점 같은 기능을 우선 임시로 갖춰 놓았지요.

으음, 그런데 이곳 동경의 만에는 드물게 소운석군도 쏟아진다는군요…….
우주에서 활동할 때 사용할 생각에 튼튼한 천으로 만들었다고는 하지만, 아무래도 임시 천막은 불안합니다!
그래서 아이테리스에서 오신 협력자 여러분의 힘을 빌려, 월면 기지를 쭉쭉 정비해 나가고자 합니다!"
2,제2호,달 관문 기지 확장,"아이테리스에서 협력자분들이 잇따라 도착하고 있습니다!
라비린토스에서 방주계획에 관여했던 연구자, 샬레이안 마법대학에서 최신 우주론에 도전하는 교수진, 거기에다 유명한 조달꾼과 모험가와 장인들까지, 정말 다채로운 분들이 모였지요! 그분들이 노력해 주신 덕분에 달 관문 기지의 기본 시설도 점점 갖춰지고 있습니다!

임시 천막도 지금은 강화 금속으로 만든 튼튼한 지붕으로 바뀌었습니다! 이제 귀중한 물자를 낙하물에서 지킬 수 있으니, 안심하고 계획에 매진할 수 있겠군요.

여러분 덕분에 우주 개척 계획의 출발은 매우 순조롭습니다. 우선 달 관문 기지 주변을 발판으로 삼아, 동경의 만 각 방면을 탐색해 봅시다."
3,제3호,우주 라이너 최초 개통,"우리 레포릿이 오랜 세월 동안 생활해 왔던 월면을 이제 와서 '탐색'한다고 하니 조금 이상할지도 모르겠습니다.
하지만 이곳 동경의 만에서 벌이는 모든 활동은, 바깥 우주 탐사의 출발 지점을 정비하려는 목적뿐만 아니라 다른 별로 진출한 후에 어떻게 해야 할지 연습하려는 목적도 있습니다.

이번에 완성한 '우주 라이너'도 다른 별에서 운용할 것을 상정한 이동 설비라고 합니다.
다른 별에서 지맥이 안정적이리라는 보장이 없으니, 전송 마법에 의존하지 않는 고속 이동 수단이 필요할 것으로 판단했다는군요.
우선 동경의 만 전역에 '우주 라이너'를 설치하여 안정적으로 운용해 보고자 합니다."
4,제4호,거주 모듈 및 우주 공항 준공,"아이테리스에서 오신 협력자 여러분에게 제공할 '거주 모듈'과 우주선 발착장인 '우주 공항'이 준공되었습니다!
아직은 두 곳 다 최소한의 기능만 갖추고 있지만, 앞으로 점점 확대해 나갈 계획입니다.

거주 모듈은 '스마일턴'에서 맛본 실패를 교훈 삼아 건설했으니, 목숨을 잃을 위험 없이 그런대로 편안하게 생활할 수 있을 겁니다!

그리고 우주 공항은 최신 에테르학의 연구 성과를 적용해서 설계했답니다. 우주 공간에 있는 희박한 에테르의 흐름…… 이른바 '주맥'으로 우주선을 정확히 유도하는 기능을 탑재했습니다.
아직 토대만 완성했을 뿐이지만, 다른 별 여행에 한발 다가서게 되었습니다!"
5,제5호,로더 격납고 개량,"행성 탐색과 각종 작업을 효율적으로 진행하기 위해, 우리 레포릿과 인간 연구자가 공동 개발한 비밀 로봇이…… 바로 신형 로더입니다!

로더는 이미 기체 작전에서 활약 중이지만, 지금까지는 천막 아래에 보관하다 보니 먼지나 낙하물 탓에 고장 나는 경우도 있었다더군요.
하지만 물자함 형태의 격납고가 완성된 덕분에 이제는 환경의 영향을 받지 않을 겁니다.
더욱 고도의 정비도 할 수 있게 되었다고 했으니 가동 효율도 점차 개선되겠지요!"
6,제6호,북서 구역으로 우주 라이너 연장,"동경의 만 북서부 '조롱박 만' 구역까지 우주 라이너가 연장되었습니다!

더불어 중계 지점에는 더욱 먼 구역을 탐색할 때 거점 역할을 할 수 있도록, 작업원 휴식 시설과 로더 에너지 보급소 같은 각종 설비를 마련해 놓았습니다.
우주 라이너를 타고 각 구역의 거점에 갔을 때는 그런 기능에도 주목해 주세요!"
7,제7호,남동 구역으로 우주 라이너 연장,"동경의 만 남동부 '웨딩웨이의 식장' 구역까지 우주 라이너가 연장되었습니다!

이 구역은 토양 개량 실험장으로, 식물이 잘 자라지 않는 달의 지질에 영양제를 투여하고 있다고 합니다.
계획 책임자는 웨딩웨이라는 레포릿인데, 샬레이안에서 오신 식물학자와 함께 다양한 식물과 균류를 시험적으로 번식시키고 교잡한다더군요. 비탄의 바다에서 별난 균류를 돌보는 러빙웨이도 드나든다는 소문이 있던데…… 그래서 균류만 눈에 띄는 걸까요?"
8,제8호,피어싱웨이 터널 개통,"남서부 구덩이인 빛나는 산을 관통하는 '피어싱웨이 터널'이 개통되었습니다!

빛나는 산은 매우 단단한 크리스탈층과 부드러운 암반이 섞여 있지요. 그래서 이번 터널 공사는 우리의 기술력을 확인하기 아주 좋은 기회였습니다.
샬레이안 연구자와 함께 새로운 실드 공법을 개발하여 무사히 개통에 성공했답니다.
이번 공사에서 얻은 경험은 다른 별을 탐색할 때도 분명히 도움이 될 겁니다!"
9,제9호,터널 안쪽 구역으로 우주 라이너 연장,"동경의 만 남서부 '피어싱웨이 터널' 안쪽 구역까지 우주 라이너가 연장되었습니다!

빛나는 산 안쪽에서는 특수한 광물 자원을 채굴할 수 있을 것으로 기대되며, 과거에 추락한 고대 알라그 문명의 유물도 확인되었다고 합니다. 잘만 사용한다면 우주 개척 계획을 더욱 발전시킬 수 있을 겁니다."
10,제10호,달 관문 기지 추가 확장,"세상에나, 마치 월면에 새로운 도시가 보이는 듯하군요. 여러분 덕분에 달 관문 기지의 추가 설비 확장이 완료되었습니다!

이번 확장에서는 분산되어 있던 각 시설을 더욱 효율적으로 연동시키기 위해 통로와 격벽, 배관 등을 정비했습니다.
그리고 주거 환경도 개선한 데다 비품 공급소도 개조했으니, 협력자 여러분도 꼭 방문해 보세요.

하지만 아직 풀어야 할 과제가 남아 있는 것도 사실이지요. 이 기지 시설은 앞으로도 더욱 확장될 겁니다!"
11,제11호,기반 시설 관련 설비 준공,"여러분이 협력해 주신 덕분에 새로운 발뢰 설비와 급수 시설이 완성되었습니다!

그중에서도 특히 막내한 뇌력을 생산하는 '동력 공급관'은 우주선 운용에 꼭 필요한 시설이기에 우주 개척 계획에서 중요한 의미가 있습니다.
더불어 마법샘에서 퍼 올린 물을 중앙 크리스탈의 힘으로 정수하는 '수자원관' 가동에 성공하여 마실 물을 쉽게 확보할 수 있게 된 것도 큰 수확이지요.
말 그대로 생명줄을 확보했다고 할 수 있겠군요!"
12,제12호,로더 격납고 및 우주 공항 완성,"드디어 로더 격납고와 우주 공항이 완성되었습니다!

각 시설에는 동력 공급관의 지하 송뢰선이 연결되어 있어, 로더와 우주선에 언제든지 에너지를 공급할 수 있는 체계가 완벽하게 갖춰졌습니다.
한편으로 공급관에 문제가 생겼을 때를 대비해서, 로더 격납고와 우주 공항에도 유사시에 사용할 수 있는 소형 보조 발뢰 설비를 설치했다고 하더군요.
늘 최악의 사태를 고려하는 건 중요한 일이지요!"
13,제13호,월면 지하 승강기 개통,"동경의 만 북동부의 균열 아래에 있는 공간으로 내려가는 '월면 지하 승강기'가 개통되었습니다!

이 공간은 무인기 조사로 발견되었는데요, 다른 별 탐사의 시범 사례로 삼고자 경로를 확보하고 자원을 채굴하기로 했습니다.
터널을 공사하며 얻은 지식을 최대한 활용하여 대형 중장비도 실을 수 있는 승강기를 설치한 경험은 관계자에게 커다란 자신감을 가져다줬을 겁니다.

그리고 바로 이 월면 지하 일대가 동경의 만에서 마지막으로 진입할 구역입니다.
계속해서 탐색 계획에 매진해 봅시다!"
14,제14호,월면 지하로 우주 라이너 연장,"동경의 만 북동부 '월면 지하' 구역까지 우주 라이너가 연장되었습니다!
이것으로 우주 라이너가 동경의 만 전역에 설치되었답니다!

공사는 다사다난했지만, 균류가 모여 있는 작은 동굴이나 마법샘 폭포에 손쉽게 이동할 수 있게 된 것은 커다란 수확이지요.
이런 경험은 다른 별을 탐색할 때도 큰 도움이 될 거라 확신합니다. 앞으로도 힘을 합쳐서 헤쳐 나갑시다!"
15,제15호,달깡충 도시 준공,"달 관문 기지 중앙에…… 세상에나, 마치 월면에 또 하나의 달이 뜬 것처럼 둥근 반구가 탄생했습니다!

이름하여 '달깡충 도시'!
월면에서 깡충 뛰어올라 더욱 빛나는 별들을 향해 떠나려는 우리들이 모인 새로운 도시…… 라는 뜻이 담겨 있다고 하더군요.

반구 모양 지붕을 덮어 운석이 중앙 크리스탈에 직격할 위험을 줄이는 동시에, 여러분이 안정감을 느낄 수 있도록 세심하게 고안하여 설계했다고 합니다.
여전히 연구원분들과 우리 레포릿이 바삐 돌아다니기는 하지만, 광장처럼 편히 쉴 수 있는 곳이 되었으면 좋겠습니다.
이곳 동경의 만의 중앙 시설이 완성되면 월면 탐색도 끝납니다.
협력해 주셔서 진심으로 감사드립니다!"
16,제16호,"달에서, 미지의 별들을 동경하며","모든 시설이 완성되었고, 우주 공항에는 우리가 만든 새로운 우주선이 모든 준비를 마친 상태로 대기하고 있습니다!

지금까지 정말 눈코 뜰 새 없이 바쁜 나날이었습니다.
하지만 서칭웨이 주임과 인간 여러분이 문득 머리 위에 까맣게 펼쳐진 하늘을 올려다보며 별빛을 눈동자에 담은 순간…… 그 아름다운 모습을 바라보기만 해도, 제가 일지에 빼곡히 묘사한 고생담은 전부 옛날 일이 되더군요.

자, 이제 다른 별로 날아가면 또다시 새로운 탐색이 시작될 겁니다!
저도 이 발자취에 뒷이야기를 적을 날을 즐겁게 기다리겠습니다!"
17,제1호,행성 파엔나 탐색 계획 시동,"지난번에 이어 저 레포팅웨이가 다시 한번 붓을 잡고 행성 파엔나에서의 행보를 기록해 나가고자 합니다.
독자 여러분, 이번에도 모쪼록 잘 부탁드립니다!

자, 우리 우주선 갤럭틱웨이호가 마침내 달에서 날아올라, 주맥 도약을 통해 '행성 파엔나'로 진출했습니다.
이 별을 첫 목적지로 선정한 이유는 바로 매장된 규소 자원이 풍부한 데다, 독자적인 환경이 우리의 탐색 욕구를 자극했기 때문이지요!

선발대의 활약에 힘입어, 동경의 만에서 구축 연습을 마친 설비를 갖추고 '유리직공 기지' 운영을 시작했습니다.
아직 반입한 자재가 많지 않다 보니 기능은 제한적이지만, 앞으로 협력자 여러분과 힘을 합쳐 기지를 확장하며 탐색을 진행하고자 합니다!"
18,제2호,유리직공 기지 확장,"갤럭틱웨이호를 최대한 활용하여 달에서 물자를 순조롭게 반입하고 있습니다!
여러분이 협력해 주신 덕분에 유리직공 기지의 설비도 점점 갖춰지는 중입니다.

본 기지의 가장 큰 특징은 유리비와 분진이 쏟아지는 행성 파엔나의 환경 때문에 거대한 바위굴 안에 건설되었다는 점이지요.
그렇지만 천장이 있는 공간은 한정되어 있으니, 시설은 계획적으로 배치해야 합니다!
다행히도 기술자 여러분이 열심히 고민하시는 모양이니, 틀림없이 근사한 기지가 완성될 겁니다."
19,제3호,우주 라이너 개통,"행성 파엔나에도 우주 라이너 설치가 시작되었습니다!
애초에 우주 라이너는 지맥이나 풍맥의 안정성이 보장되지 않은 외계 환경에서의 운용을 전제로 개발된 설비였습니다.
드디어 실제 환경에서 첫선을 보이게 되었군요!

특히 계획 기구에 소속된 연구자와 기술자 여러분이 완성을 고대하고 있다고 합니다.
협력해 주시는 모험가 여러분과는 다르게, 그분들은 대체로 근력이 부족하신 편이니까요.
누구든 정확하고 신속하게 목적지로 데려다주는 우주 라이너는 효율적으로 탐색 계획을 진행할 때 꼭 필요한 시설이라 할 수 있겠군요!
우선 기지 주변부터 정비해서, 이 일대 탐색에 도움이 되도록 합시다!"
20,제4호,거주 모듈 준공,"행성 파엔나에 '거주 모듈'이 준공되었습니다!
이번에는 동경의 만보다 공용 공간을 넉넉하게 확보하는 등, 편리하고 쾌적한 구조가 되도록 설계했답니다.

사실 이 탐색 계획의 전신인 방주계획에서는 아이테리스 시민의 장기적인 외계 생활을 염두에 두었기 때문에…… 가능한 한 여러분이 편안하게 지낼 수 있도록 여러모로 연구했습니다.

이번에 이곳에서 생활하게 될 연구자와 기술자 여러분은 누울 곳만 있으면 된다고 하시길래, 프로젝트 매니저인 무무코 씨와 의논해서 방주계획 때 설계했던 것보다는 아담한 크기로 만들었지만 말이지요!"
21,제5호,기반 시설 관련 설비 준공,"행성 파엔나의 환경에 맞춘 발뢰소와 급수장이 완성되었습니다!

이 별의 수원지는 대부분 수중 규소 함량이 매우 높아, 생활용수로는 적합하지 않습니다.
그래서 반드시 '수자원관'을 통해 정수 과정을 거쳐야 하지요!
그리고 이번에도 뇌력을 공급하는 '동력 공급관'이 탐색 계획에 사용되는 에너지를 책임지고 있답니다.
자, 이제 두 시설의 가동이 시작되었으니 이 별을 탐색하는 데도 점점 속도가 붙을 겁니다!"
22,제6호,로더 격납고 기능 강화,"각종 로더는 이 행성 파엔나에서도 크게 활약하고 있습니다.
물론 잘된 일이지만, 반대로 말해서 단 한 대라도 사고로 잃는다면 계획에 악영향을 미칠 수밖에 없다는 뜻이기도 하지요!

따라서 각 방면에 쉽게 드나들 수 있으면서도 천장과 암벽에 둘러싸인 터널 입구에 격납고를 설치하기로 했습니다.
이번에 격납고를 물자함 형태로 개량한 덕분에 안전성도 더욱 높아졌으니, 더욱 안정적으로 가동할 수 있을 겁니다!"
23,제7호,강 건너 구역으로 우주 라이너 연장,"소다석회 강 건너편에 해당하는 서부에서 남부에 걸친 구역까지 우주 라이너를 연장했습니다!

이 일대는 강물에 침식되어 만들어진 협곡으로 보이는데, 지형이 매우 복잡하여 물자나 인원을 이동시키기 어려웠습니다.
그래서 우주 라이너를 서둘러 설치하려 했지만, 행성 파엔나 특유의 유리질 대지 탓에 시설이나 중장비의 무게를 견디지 못하는 경우가 있어서 장소를 선정하는 데 시간이 오래 걸렸습니다.
기술자 여러분이 신중하게 지반을 조사한 덕분에 드디어 이번 연장에 성공하게 된 것이지요!"
24,제8호,아플리케 기중기 준공,"나락의 구덩이라 불리는 캡슐 협곡은 소다석회 강이 쏟아지는 폭포 바로 아래에 이어진 큰 동굴로, 커다란 유리구슬이 겹겹이 쌓여 바닥이 만들어졌다고 합니다. 지상과 단절된 환경에는 가슴이 설레는 미지가 우리를 기다리고 있겠지요!
'아플리케 기중기'는 그 안을 탐색하기 위해 개발되었습니다!

아플리케란, 따로 제작한 부품에 열을 가해 본체에 붙이는 유리 공예 기법을 뜻합니다.
그 점에 착안해서 구덩이 바깥 둘레의 단단한 지반에 기중기를 설치하여, 그걸 발판 삼아 깊은 곳으로 내려가는 장치를 만든 겁니다.

우주 라이너를 연장하는 과정에서 갈고닦은 지반 조사 기술과, 동경의 만에서 터널과 승강기를 건설했던 정교한 공법이 여기서 빛을 발했다고 할 수 있겠군요!"
25,제9호,캡슐 협곡 지하로 우주 라이너 연장,"드디어 캡슐 협곡 지하로 우주 라이너를 연장하는 데 성공했습니다!

실은 불안정한 유리 구체가 겹겹이 쌓여 있는 이곳으로 우주 라이너를 연장하기는 매우 어려울 것으로 예상되었답니다.
우주 라이너를 설치하려면 두 거점 사이의 부품을 연결해야 할 뿐만 아니라 정확한 좌표를 설정해야 하니까요.
그러나 지금까지의 경험을 최대한 살려, 유리구슬과 퇴적물의 균형을 신중히 파악함으로써 안정된 곳에 거점을 설치할 수 있었습니다!

이렇게 어려운 연장 작업을 성공한 경험은 곧 우리의 자신감으로 이어질 겁니다!"
26,제10호,유리직공 기지 추가 확장,"여러분이 협력해 주신 덕분에 유리직공 기지가 새 단장을 하여, 아늑한 거점이 되었습니다.

세밀한 계산을 통하여 동굴 형태에 맞춰 시설을 신중하게 배치한 결과라 할 수 있겠군요.
단순히 시설만 배치한다고 되는 게 아닙니다. 로더와 무인기의 이동 경로부터 배선과 배관에 이르기까지, 검토할 사항이 산더미처럼 많았지요!
계획 수립에 참여한 기술자 여러분의 자랑 섞인 푸념이 제 귀에도 잔뜩 들어오고 있답니다!

우리에겐 아직 중대한 건설 계획이 남아 있습니다. 탐색을 계속하기 위해 꼭 필요한 시설을 이 기지에 건설해야 하거든요. 완성까지는 아직 갈 길이 멀지만……
계속해서 힘내 봅시다!"
27,제11호,로더 격납고 추가 기능 강화,"기지에 있는 시설에 행성 파엔나에서 나는 유리 자원을 이용한 외장재를 차례차례 설치하고 있습니다.
이번에는 로더 격납고에 설치를 완료했답니다!

강철판 못지않게 튼튼하면서도 아름다운 데다, 태양광을 뇌력 에너지로 변환할 수 있어 그야말로 만능이지요!
이 새로운 건축재는 아이테리스에서 초빙한 유리 공예 전문가와 이곳의 기술자 여러분이 최신 기술을 결집하여 개발했다고 하더군요!
시설 운영에 관련된 뇌력 부족 문제도 크게 개선될 것으로 보입니다!"
28,제12호,우주 공항 다기능화,"우리 우주 공항의 기능이 확장되었습니다!

이제 동경의 만과 오갈 수 있을 뿐만 아니라, 더욱 깊은 우주의 심연으로 떠날 수도 있게 되었답니다.
전용 발뢰소를 증설한 덕에 에너지 충전 시간을 대폭 단축할 수 있었고, 시간 단위 물자 운반량도 늘어났지요!

바위굴 안에 있는 유리직공 기지에서 이착륙한다니 위험해 보이지만, 세세한 경로를 설정했기에 안전한 자동 조종이 가능해졌다고 합니다.
물론 첫 착륙 때는 크루징웨이가 신들린 수동 조종을 선보였지만 말입니다!"
29,제13호,거대 뇌력판 설치,"이번에 완성한 거대 뇌력판은 유리직공 기지의 에너지를 책임지는 중요한 시설입니다!

발뢰 시설인 동력 공급관도 있지만, 그 시설은 에테르로 속성을 변환하여 뇌력을 발생시키는 구조입니다.
한편, 거대 뇌력판은 행성 파엔나가 위치한 행성계의 태양에서 오는 광선을 변환하여 뇌력 에너지를 발생시키지요.

기지 안팎에서 다양한 기기가 사용되다 보니, 뇌력은 아무리 많아도 부족할 정도입니다.
하지만 두 시설을 동시에 운용하면 더 이상 허리띠를 졸라맬 필요는 없을 겁니다!"
30,제14호,녹은 유리 냉각에 따른 탐색 구역 확대,"무인기 기지인 '동원관' 건설을 거쳐, 퓨징웨이 분화구의 녹은 유리 냉각 작전을 완수했습니다!

행성 파엔나는 지열 변동 폭이 커서, 평야 지대에서도 우발적으로 분화구가 형성된다고 합니다.
퓨징웨이 분화구는 그런 열원 지대 중 하나로, 행성 환경에 악영향을 주지 않도록 조심하면서 실험적인 냉각 작전을 실시하게 되었죠.

여러분이 협력해 주신 덕분에 안전하게 탐색 지역을 확대할 수 있었습니다!
빨갛게 끓어오르던 녹은 유리를 식혀서 굳히자, 소다석회 강을 연상시키는 투명한 하늘색 유리로 변하더군요.

한번 식혀서 굳혔기에 앞으로는 무인기로 상공에서 냉각제를 뿌리기만 해도 유리 상태를 유지할 수 있어, 자유롭게 탐색할 수 있게 되었습니다.
이곳에서는 별의 지질 형성과 관련된 중요한 조사를 할 수 있을 겁니다!"
31,제15호,녹은 유리 지대로 우주 라이너 연장,"퓨징웨이 분화구의 속둘레까지 우주 라이너가 연장되었습니다!
이제 탐색 계획이 펼쳐지는 모든 구역을 편하게 이동할 수 있게 된 셈이지요!

이번 거점을 설치할 때는, 지난 녹은 유리 냉각 작전에서 사용했던 무인기들을 재이용하여 지반을 철저히 다졌습니다.
하나하나는 작은 설비일 뿐이지만, 우리의 기술이 결실을 거둔 교통망이라고 할 수 있겠군요!"
32,제16호,파엔나 별 관측경 준공,"세상에나, 우리 유리직공 기지에 하늘을 향한 커다란 천체망원경이 완성되었습니다!

'파엔나 별 관측경'은 머나먼 별들의 모습을 관측할 수 있을 뿐만 아니라, 놀랍게도 그 별에 감도는 천맥의 농도도 측정할 수 있답니다.
우리 우주 개척 계획 기구의 목표는 지적 생명체 혹은 미지 문명의 흔적을 발견하는 것……. 그 목표를 이루기 위해, 천문학을 전공하는 연구자 여러분이 이미 우주의 각 방면을 둘러보며 분석을 진행하는 중이지요!

현지 자원을 최대로 활용한 이 천체망원경의 완성으로 행성 파엔나 계획은 끝입니다.
이 별에서도 협력해 주셔서 진심으로 감사드립니다!"
33,제17호,반짝이는 별을 들여다보며,"이번에도 계획했던 모든 시설을 완성하였고, 갤럭틱웨이호는 파엔나 별 관측경에 새로운 별이 보이기를 기다리는 중입니다.

생각해 보면 앞으로의 탐색 계획을 위해서는 거대한 관측 기구가 필요한 만큼, 우리가 처음 방문한 별이 유리 행성 파엔나라는 점은 정말 천운이었습니다.
정밀한 렌즈를 정제하고 연마하여 만든 천체망원경의 눈은, 지금 머나먼 우주 너머로 뜨거운 시선을 보내고 있습니다.

아이테리스 행성계에서 한 걸음 나아가, 이 별에서의 활동을 통해서 우리 모두 진정한 우주 탐사단이 됐다고 할 수 있지 않을까요?
그 여정은 지금부터 시작입니다!
올려다본 별들을 향해 앞으로도 계속 걸어 나갑시다!"
34,제1호,도전! 행성 오이지스 탐색 계획,"이 '행성 오이지스'에서도 저 레포팅웨이가 붓을 잡고 탐색과 연구로 가득한 나날을 기록하고자 합니다.
독자 여러분에게 양질의 보고서를 전해 드릴 수 있다면 좋겠군요!

행성 파엔나에서 준공한 거대 천체망원경 '파엔나 별 관측경'의 관측 결과와, 계획 기구 연구팀, 마법대학 천문학부가 하나가 되어 다음 탐사 목표를 결정했습니다.
후보가 된 별은 여럿 관측되었으나, 이 행성이 선택된 이유는 중력 이상에 의한 특이한 환경, 그리고 무엇보다도 문명 유적이 발견되었기 때문입니다!
어떤 시간을 거쳐온 별인지, 우리 모두가 기대로 귀를 쫑긋거리고 있습니다.

중력 이상에 의한 지표면 붕괴로 인해 더 우뚝 솟아오른 행성 최대의 구조물을 '마른땅 기지'로 활용하며 앞으로도 주변에 거점 환경을 정비하고자 합니다.
협력자 여러분의 도움을 꼭 부탁드립니다!"
35,제2호,거주 모듈 준공,"마른땅 기지 내외의 정비에 맞춰 행성 오이지스에 '거주 모듈'이 준공되었습니다!
이전에 월면에서 연습하거나 행성 파엔나에서 거점을 확장할 때는 주로 자연환경을 기반으로 정비했기 때문에 유적 잔해를 정리하며 시공한다는 것이 신선하기도 했지요.

떠 있는 암석 등은 탐색 중에 위험할 수 있기 때문에 이동시킬 수밖에 없었습니다.
물론, 정비 작업과 더불어 돌들의 위치와 부유물의 중량을 계산해 연구 자료로 완벽하게 기록해 놓았지요!
거주 모듈 내부에는 그라비데 계열 마법을 철저하게 제어해, 안전하게 취침할 수 있도록 조치했습니다.
각 행성에 적절한 거주 환경을 제공할 수 있도록 다양한 시도를 하고 있다고 합니다."
36,제3호,우주 라이너 광역 전개,"'거석 도시'를 중심으로 한 황야 일대에 우주 라이너를 단숨에 설치했습니다!
이렇게 신속하게 작업이 완료된 것은 지금까지 계획을 진행하며 쌓은 비결의 산물이라 할 수 있겠죠.
시공에 참여한 기술자들에게 할 수 있는 모든 감사의 말을 적고 싶군요!
덧붙여 우주 라이너 이동 기술이란 연결한 2개의 역 사이에 강력한 에테르 길을 만드는 것입니다.
 즉 인공 풍맥 발생 장치라고 할 수 있겠습니다만, 지금까지는 상호 간에 정확한 좌표 설정이 필요했습니다.
하지만 행성 오이지스에서는 중력 이상의 영향으로 인한 흔들림을 줄이기 위해 연결 기능을 강화했고…… 다소의 변동에는 버틸 수 있도록 개량된 것이지요!

현재 갈 수 있는 장소까지 설치했으니, 우주 라이너를 많이 활용해 앞으로의 탐색을 진행해 봅시다!"
37,제4호,기반 시설 관련 설비 준공,"행성 오이지스의 환경에 맞춘 발뢰 설비와 급수 시설이 완성되었습니다!

중력 이상이 발생하고 있는 이 행성 안에서는 인력과 척력이 복잡하게 맞부딪치고 있습니다.
이런 특수한 환경은 당연하게도 우리가 가져온 기기류에도 영향을 끼치기 때문에, 특히 활동의 핵심이라고 할 수 있는 기반 시설 관련 설비의 오작동은 되도록 피해야 합니다.
예를 들면 식수를 한곳에 모아두는 것까지도 섬세하게 주의를 기울여야 하지요.

그래서 시설의 기반과 저수조, 발뢰지 내부에도 그라비데 계열 마법을 작용시켜, 기기류의 안정성을 높였답니다."
38,제5호,중력 발생기 설치,"거대한 부유 암반 '푸른줄 부유대지'의 탐색을 진행하기 위해, 닻산을 주춧돌 삼아 중력 제어 장치인 '중력 발생기'를 설치했습니다!

이 장치는 그라비데 계열 마법 술식을 반복적으로 한 방향으로 방사하여 반대쪽 암반에 반사시켜서, 인력이 강한 광선을 발생시킨답니다.
그리고 주변에 떠도는 암석을 끌어모아 육지 사이를 이어, 다리로 기능하기에 충분한 발판을 만들어 내는 것이지요.

'푸른줄 부유대지'는 원래 거석 도시와 그 주변 황야와 같은 해발에 있었던 육지가 지표에서 떨어져 나온 것으로 추측됩니다.
그 때문에 원래는 땅속 깊이 있었던 광석이 드러나거나, 다른 곳에서는 볼 수 없는 자원을 많이 확인할 수 있을지도 모릅니다……!
앞으로의 탐색이 무척 기대되는군요!"
39,제6호,부유 암반으로 우주 라이너 연장,"닻산을 넘어 푸른줄 부유대지로도 우주 라이너가 연장되었습니다!

중력 발생기로 만든 다리만으로는 무거운 시료나 자재를 운반하기에 적합하지 않았고, 무엇보다도 고소공포증이 있는 연구원들로부터 탐색하려면 눈을 감고 기어가는 수밖에 없다는 의견이 있었습니다.
하지만 우주 라이너라면 확실하게 이동할 수 있지 않겠습니까!

또한 상공에 있는 중력 구체의 영향을 더 받기 쉬울 것으로 예상되는 이 구역에서 우주 라이너를 운용하면, 우주 라이너 기술 연구에도 유용한 데이터를 얻을 수 있을 겁니다.
여러분, 매일 활용해 주시기 바랍니다!"
40,제7호,마른땅 기지 확충 정비,"마른땅 기지 내의 중앙 기구 복구 작업에 대비해 시설 내외를 본격적으로 정비하고, 유적을 보존하면서도 기지 기능을 확충했습니다!

동력 공급관에서 최대로 출력된 번개를 시설 내로 끌어오는 것뿐만 아니라, 거점 주변의 각 설비를 기능적으로 연결하는 배선 관련 작업도 이번 정비로 완료되었습니다.
계획 참가자 여러분을 맞이하는 각 창구와 로더 격납고 등도 이번에 함께 업데이트했으니 탐색 활동을 더욱 쾌적하게 진행하실 수 있을 겁니다!

주변 환경을 정비했으니, 다음에는 드디어 중앙 기구 '에우헤드론' 복구에 도전합니다!"
41,제8호,중앙 기구 에우헤드론 복구,"결정체의 에테르를 활성화하는 데 성공해 '에우헤드론'이 원래의 빛을 되찾았습니다!

연구팀은 이 구조물이 거대한 마법적 기록 매체라고 추측하고 있는 것 같습니다만, 손실된 부분도 있어 전체 내용을 알아내려면 시간이 걸릴 것 같습니다.
에우헤드론은 과거 공중을 부유하고 있었던 것으로 추정되며, 낙하로 인해 손상됐을 가능성도 높다고 하더군요.
빛을 되찾은 지금도 완전히 떠오른 상태는 아니기 때문에…… 응급 처치에 지나지 않습니다만, 철골로 받치고 있습니다.
재차 설비가 증가하며 환경 적응에 있어 불안정함이 발생했기 때문에, 거주 모듈에 행성 오이지스의 자원을 사용한 중력 이상 저항판을 설치했습니다!
더 장기적으로 안정적인 생활을 보낼 수 있을 겁니다!"
42,제9호,우주 공항 기능 확충,"행성 오이지스의 현관, 우주 공항의 기능이 확충되었습니다!

이번에도 전용 발뢰소를 설치해 고속 에너지 충전이 가능해졌고, 거주 모듈에 설치한 것과 동일한 중력 이상 저항판을 설치해 이착륙 시의 안정성을 향상했습니다.
또한 각 시설에서 우주 공항으로 가는 경로가 확보되어 자재의 반출입도 더욱 편리해졌습니다!

사실 지금까지는 상공의 중력 구체가 미칠 영향을 고려해 우주선에 실을 물자 양을 엄격하게 제한하고 있었답니다.
하지만 이번에 시설을 확충하며 제한이 해제되었고…… 행성 아이테리스로 물자를 운송하는 것과 더불어, 심우주 탐사에도 탄력이 크게 붙었습니다!

중력 구체의 영향이라고 하니 말이죠, 중앙 크리스탈에서 거리가 있는 구역에서 갑자기 지각 변동이 관측되었다고 합니다.
무언가 새로운 발견의 전조일까요……?"
43,제10호,사막굴 유적 현관 발굴,"중력 구체의 영향으로 비취핵 골짜기 깊은 곳에 묻혀 있던 구조물이 드러났습니다.
여러분의 협력으로 토사와 바윗덩어리를 치우자…… 내부로 이어진 문 같은 것이 모습을 드러냈답니다!

네이밍웨이는 그 모습이 마치 사막 쥐의 굴 같다며, '사막굴 유적'이라는 이름을 붙였다고 합니다.
어쩌면 이 문 너머에서 선구자들의 문명에 대해 알아낼 수 있을 만한 엄청난 발견을 하게 될지도 모릅니다.

그리고 탐색을 원활하게 진행할 수 있도록, 우주 라이너가 유적 바로 앞까지 연장됐습니다.
기지에 있는 연구팀과 연락을 주고받으며, 앞으로도 탐색을 열심히 진행해 봅시다!"
44,제11호,사막굴 유적 현관 개방,"열성적인 복구 작업 끝에 사막굴 유적의 숨겨진 문이 열렸습니다!
문 중앙에 새겨진 문양에 빛이 들어오니…… 마치 선구자들이 남긴 문명의 일부가 밝혀진 듯한 느낌입니다.
지금까지의 조사를 통해, 행성 오이지스의 유적은 결정체에 고밀도 에테르를 주입하여 작동한다는 사실을 알아냈습니다.
아무래도 선구자들은 굉장히 뛰어난 에테르학적 지식을 가지고 있었던 모양이군요.

아직 유적 내부 탐색을 본격적으로 시작하지는 않았지만, 간이 조명등을 설치했으니 들어가는 길은 안전하겠지요.
내부에서도 결정체를 다수 확인했으니, 그것들을 작동시킨다면 다음 구역으로 나아갈 수 있게 될지도 모릅니다……!"
45,제12호,사막굴 유적 가이드 스톤 복구,"가이드 스톤이라는 이름이 붙은, 사막굴 유적의 내부 기구를 작동시키는 데 성공했습니다!

유적 안에 배치된 수많은 휘석에 빛이 들어온 걸 보면, 점차 원래의 모습을 되찾고 있다고 할 수 있겠지요.
선구자들이 이 유적을 왜 지었고, 어떻게 활용했는가…… 하는 수수께끼를 풀 수 있을지도 모릅니다.

아마 그 수수께끼의 열쇠는 최심부에서 발견한 결정체 '메타헤드론'이 쥐고 있을 것입니다.
마치 에우헤드론의 축소판을 보는 듯하더군요.
이걸 마른땅 기지의 기구처럼 활성화시킨다면 무언가를 알아낼 수 있지 않을까요?"
46,제13호,메타헤드론 복구,"사막굴 유적 최심부에 위치한 메타헤드론이 복구되었습니다!
본부 기지의 에우헤드론같이, 나뭇잎처럼 선명한 녹색 빛을 발하는군요.

연구팀이 말하길, 이 구조물은 가이드 스톤처럼 비교적 작은 기구와 재질은 동일하지만, 차원이 다른 순도를 가졌다고 합니다.
듣고 보니 색도 약간 진한 것 같군요.
커다란 기구를 만들려면 에테르 흐름을 방해하는 불순물이 적은 소재를 사용해야 했던 걸까요?

아무튼 이제야 재가동시킨 참이라 아직 자세히 조사하진 못했지만, 에우헤드론과 에테르 파장이 공명할 가능성이 있다는 의견도 나오고 있습니다.
앞으로 양쪽 거점의 기구 사이에서 무언가 연관성이 발견될지도 모르겠군요."
47,제14호,비취핵 골짜기 전역으로 우주 라이너 연장,"사막굴 유적 바로 앞까지만 설치되어 있던 우주 라이너가 최심부까지 연장되었습니다!

유적 내부의 가이드 스톤과 메타헤드론을 가동하려면 정기적으로 오이지스 벽옥으로 에테르를 공급해야 할 듯하니, 물자를 신속하게 운반할 때 우주 라이너가 도움이 되겠지요.
그리고 정거장 사이에 유사 풍맥이 형성되었는데, 이 현상이 본부의 에우헤드론과 지하 유적의 메타헤드론을 연결할 단서가 될 것 같다는군요……. 앞으로의 연구가 기대됩니다.
아무튼 이로써 행성 오이지스의 현재 예정된 탐색 구역 전역에 우주 라이너가 설치되었습니다.
연구팀의 왕래도 더욱더 활발해져, 메타헤드론에 대한 조사도 점점 진행되겠지요!"
48,제15호,마른땅 기지 구조 강화,"마른땅 기지의 구조를 튼튼하게 강화하는 공사가 완료되었습니다!
정비 중이었던 기지 내부의 내장재도, 향후의 설비 증설을 고려하여 완벽하게 대비를 마쳤습니다.

머지않아 우리가 탐색을 완전히 마치고 이 별을 떠날 때 원상 복귀시킬 수 있도록, 유적 내 설비는 전부 가설 공법을 이용해 설치했답니다.
가역성을 유지하면서 구조를 강화하는 작업은 절대 쉽지 않았지만…… 전부 다 여러분이 협력해 주신 덕분입니다!

이번 구조 강화의 목적은 사막굴 유적의 메타헤드론과 기지의 에우헤드론을 공명시켜, 에테르 정보를 전송하는 통신 설비를 기지 옥상에 설치하는 것입니다.
옥상에 올라갈 수 있도록 옥외 계단과 엘리베이터도 설치했으니, 앞으로 많은 이용 부탁드립니다!"
49,제16호,기립석 탑 준공,"마른땅 기지에 우뚝 솟은 거대 통신 설비가 준공되었습니다!

'기립석 탑'이라는 이름이 붙은 이 설비는 멀리 떨어진 결정체 기구 사이를 연결하는 에테르 공명기로 사용될 예정입니다.
기지의 중앙 기구인 에우헤드론은 가동과 관련된 에테르 정보가 손실되어 있어 지금까지 복구하지 못했지만…… 지하에 온전히 보존되어 있던 메타헤드론과 동기화시킨다면 움직일지도 모릅니다!

에우헤드론은 선구자들의 활동 중심지였던 것으로 추측되는 만큼, 복구에 성공하면 그들에 대한 새로운 사실을 알게 되겠지요!
연구팀은 벌써 기립석 탑을 가동시키기 위해 준비하는 중이랍니다."
50,제17호,에우헤드론이 말하는 과거와 앞길,"에우헤드론에서는 과연 어떤 정보가 나올까요……?
연구자들은 부푼 기대를 안고 분석 준비에 들어갔다고 합니다.
선구자들에 대한 정보가 밝혀진다면, 다음 탐색 계획에 아주 큰 영향을 미치겠지요.
갤럭틱웨이호는 이미 새로운 여행을 떠날 준비를 시작했답니다!

파엔나에서 이 행성을 관측했을 때는 문명의 흔적을 확인하긴 했지만, 구체적인 내용은 전혀 알 수 없었습니다.
그래도 탐색을 통해, 희미하게나마 선구자들의 발자취가 보이기 시작한 듯한 기분이 듭니다.

그들이 무엇을 생각하고, 무엇을 바라고, 무엇을 이루려고 했는가.
우주 개척 계획 기구는 그들의 뜻을 알아내기 위한 탐구 여행을 계속할 겁니다!"
51,제1호,나아가라! 행성 아욱세시아 탐색 계획,"달에서 시작된 우주 개척 계획도 벌써 네 번째 별, 이 '행성 아욱세시아'에 다다랐습니다. 이곳에서도 저 레포팅웨이가 탐색 활동의 나날을 기록하고자 붓을 잡았습니다.
계획에 참여하시는 모든 분에게 의미 있는 기록이 되길 바랍니다!

행성 오이지스에서는 우리가 선구자들이라 부르는 존재의 문명 유적을 조사했습니다.
그리고 결정체 기구 '에우헤드론'을 복원하여 재기동했더니, 이 행성으로 가는 항로도가 나타났지요!

사막 상태였던 이전 행성과는 달리, 행성 아욱세시아는 짙은 녹음으로 뒤덮여 있습니다. 하지만 그 안에는 대규모 도시 유적이 우똑 솟아 있었습니다.
아마도 이 행성이 바로 선구자들의 모성이 아니었을까요……!

우리는 바로 '나무꾼 기지'를 설치하고 탐색을 시작했습니다.
여러분도 힘을 보태주시면 감사하겠습니다!"
52,제2호,거주 모듈 준공,"행성 아욱세시아 탐색의 발판이 될 '거주 모듈'이 준공되었습니다!
선구자들이 남긴 구조물의 특징을 살리고, 난연성과 내구성이 높아지게끔 가공한 현지 목재를 사용했습니다.
이렇게 현지 소재를 사용하면 별의 환경에 가해지는 부하를 줄이는 데에도 유용하다고 합니다.

그리고 선구자들이 건축한 도시 공간은 거대한 나무의 가지가 마법으로 평평하게 정돈되어, 마치 공중정원이 잇달아 있는 듯한 풍경이 형성되어 있습니다.
우리가 '숲섬'이라 부르기로 한 각 원형 토지의 하부에도 거주 지역 같은 공간이 이어져 있다더군요!
이 모든 것이 행성 오이지스와 마찬가지로 마법적인 물질 변화에 의한 것으로, 톱도 못도 쓰지 않고 만들어졌다니 정말 놀라울 따름입니다."
53,제3호,우주 라이너 광역 전개,"목재 연못에서 초록잎맥길 전역을 아우르는 도심부에 우주 라이너가 설치되었습니다!

이 행성 아욱세시아에는 과거 물리적인 도로망과 지맥의 흐름을 조합한 고도의 고속 이동로가 도심부에서 교외까지 정비되어 있었던 듯합니다.
이번 우주 라이너는 지맥의 흐름을 분석해 선구자들이 사용했을 경로를 따라 정거장을 설치했습니다.
결과적으로 소비 에너지를 대폭 줄이는 데 성공했죠!
선구자들의 마법적 식견이 뛰어났다는 사실이 뜻밖의 계기로 증명된 것입니다.

덕분에 넓은 지역을 단숨에 이동할 수 있게 되었으니, 앞으로도 우주 라이너를 활용해 선구자들의 도시 공간을 탐색합시다!"
54,제4호,기반 시설 관련 설비 준공,"행성 아욱세시아의 환경에 맞춘 발뢰 설비와 급수 시설이 완성되었습니다!

이 별의 환경은 지금까지 거쳐온 행성에 비해 꽤 안정되어 있으나, 이곳의 물을 그대로 생활용수로 이용하기에는 미지수의 위험이 따릅니다.
거목 안의 인공 수로를 통해 나무 위로 운반되는 물은 여과되는 모양입니다. 하지만 선구자들의 육체 구조를 모르는 이상, 인간이나 레포릿에게 해로운 물질이 남아 있을지도 모르니까요.

그래서 탐색 활동을 하며 축적해 온 비결을 활용해 최신식 정수 설비를 도입했습니다.
발뢰 설비도 업데이트했으니, 지금까지 만든 공급 시설 중에서 가장 안정적이라고 자부할 수 있을 겁니다!"
55,제5호,어린잎탑 복구,"기지 바로 남동쪽에 있는 '어린잎탑'을 복구했습니다!
그 중추에는 행성 오이지스의 '에우헤드론'과 같은 구조의 녹색 결정체가 있는 것이 확인되었으니, 앞으로의 분석 결과에 따라 큰 발견이 있을지도 모르겠네요.

덧붙여 탑 주변에는 가지와 잎사귀의 색이 변할 정도로 심각한 수목 병해에 걸린 나무들이 무성하게 자라 있었습니다.
환화풍을 발생시키는 도시 기능 유지 기구로도 해결할 수 없었던 이 병 때문에 숲섬의 에테르 환류가 서서히 멎어 어린잎탑에 에너지가 전달되지 않았던 것 같더군요.
그래서 우리는 새롭게 개발한 연금제를 분사해 병에 걸린 나무들을 제거하거나 치료하여 지맥을 활성화했습니다!

작전은 멋지게 성공해, 탑과 그 주변은 활기를 되찾았습니다.
이 방법을 응용해 앞으로도 탐색을 진행할 겁니다!"
56,제6호,나무꾼 기지 확충 정비,"에테르 변환기를 설치하여 주변 환경과 회로를 연결하고 발뢰 설비를 개선하여, 나무꾼 기지를 확충했습니다!
이로써 복구된 어린잎탑과 직접 연결하여, 더 빠르고 더 정확하게 분석할 수 있을 겁니다.
더불어 통로를 포장하고 로더 격납고도 업데이트했으니, 계획에 참가해 주신 여러분들의 편의성도 향상되었을 겁니다!

이번 확충을 통해 도시 기구에 대해 더욱 깊게 알 수 있었습니다만, 선구자 문명의 전체적인 모습을 파악하려면 더 많은 도시 기능을 복구해서 연결해야 할 것 같군요…….
탐색을 더 진전시키기 위해 매진해 봅시다!"
57,제7호,숲속 서고 경로 개통,"숲속 서고 내부를 조사하기 위해서는 이상 증식해 길을 막고 있는 나무를 벌목해야 했습니다.
이 나무들이 숲섬 내부로 흐르는 에테르류도 막고 있기 때문이었죠.

그래서 투입된 것이 행성 아욱세시아 전용기로 개발된 신형 중장비, 우주 벌목기입니다!
어떤 거목도 벨 수 있는 대형 톱과 운반 팔을 갖춰, 장애물이 되어버린 나무를 뚫고 지나갈 수 있었죠. 기대했던 만큼 활약했습니다!

그렇게 도착한 내부에는 새로운 기구인 초록잎탑이 솟아 있었습니다.
어린잎탑과는 다르게 푸른 광석에 둘러싸여 있습니다만, 이 탑은 어떤 역할을 했을까요?"
58,제8호,초록잎탑 복구,"숲속 서고에 솟아 있는 '초록잎탑'을 복구했습니다!
그리고 길을 막고 있던 나무들처럼 이상 번식한 나무들을 진정시키는 데에도 성공한 것 같습니다.

기지와 연결해 분석을 진행한 결과, 최초로 발견된 어린잎탑은 도시 전체에 흐르는 에테르류를 관리하는 중계 기지 역할을 했던 것이 판명되었습니다.
그리고 이번에 복구한 초록잎탑과 그 주변은 고도화된 마법도시의 정보 보관고 역할을 맡았던 것으로 추정하고 있습니다.
에테르를 정보 전달에도 이용한 선구자 문명이니 이번 분석으로 더 많은 지식을 얻을 수 있을지도 모르겠네요.

당시의 도시가 어떤 모습이었을지…… 상상을 멈출 수가 없습니다!"
59,제9호,숲속 서고로 우주 라이너 연장,"숲속 서고 내부까지 우주 라이너가 연장되었습니다!
이로써 기지 맞은편에 있는 초록잎탑 근처로 이동하기가 훨씬 편해졌다며, 연구팀에게도 반응이 좋습니다. 

이전에 우주 라이너를 설치하면서, 선구자 문명이 남긴 에테르 경로를 활용했다고 설명해 드렸죠.
우주 라이너를 이용한 결과, 원래 존재하던 도시 전체를 뒤덮은 에테르류의 활성화를 촉진하게 된 듯합니다.
이동 편리성을 높이기 위한 시책이 도시 기능 복구에도 일조했다니, 예상치 못한 수확이었다고 할 수 있겠네요."
60,제10호,우주 공항 기능 확충,"행성 아욱세시아의 현관, 우주 공항의 기능이 확충되었습니다!

이번에도 갤럭틱웨이호를 위한 발뢰소를 설치했고, 환화풍이 기기에 끼칠 영향을 방지하기 위한 기능도 새롭게 설치했습니다.
우주로 날아오르는 길이 더욱 흔들림 없이 탄탄해졌다는 말입니다.

그러고 보니 대기권 밖으로 가는 길 말인데요, 이 별을 뒤덮은 천맥의 농도에서 중력 마법에 의한 것으로 보이는 영향이 관측되었다고 합니다.
지상과의 각도를 고려하면, 선구자들도 우리가 세운 기지와 우주 공항 주변에서 우주를 향해 떠났을지도 모르겠네요."
61,제11호,무럭무럭다리 설치,"육로로 가기가 어려웠던 남서쪽의 '푸른돌 임반' 내부로 이어지는, 나무뿌리로 만든 다리인 '무럭무럭다리'가 설치되었습니다!

이번 작업에는 주변에서 다수 발견된, 선구자 문명의 자율 기기로 보이는 잔해를 활용했습니다.
'무인 원예기'라고 이름 붙인 이 기기는 나무를 변형하거나 유지하는 단말이었던 것으로 보입니다.
아이테리스의 기술을 활용해 복원하자 일부 기능이 되살아나, 숲섬의 나무뿌리를 활성화해 다리를 건설하는 데 성공했습니다!

푸른돌 임반 내부에 잠든 기구도, 지금까지 복구한 두 개의 탑과 마찬가지로 도시에 꼭 필요한 기능을 갖고 있었을 것으로 추측하고 있습니다.
이 도시의 참모습에 더 다가가기 위해 앞으로 나아갑시다!"
62,제12호,마른잎탑 복구,"푸른돌 임반 내부에서 보호받던 '마른잎탑'을 복구했습니다!
탑에 빛이 밝혀짐과 동시에, 숲섬 안팎에서 시들어가던 나무들도 활력을 되찾았습니다.

마른잎탑 주변이라고 하면, 거대한 남전기석 결정이 눈에 띄었죠.
다른 탑의 주변에도 이와 마찬가지로 에너지 덩어리나 기억 매체로 사용했을 것으로 보이는 오이지스산 광석 덩어리가 여럿 있었습니다만, 이곳의 광석 덩어리는 유달리 컸습니다.
연구자들은 이 탑들이 도시 전체를 뒤덮은 에테르류를 제어하고 지휘하는 역할을 했을지도 모른다는 추측을 내놓았습니다.

즉, 3개의 탑을 모두 복구했으니 드디어 도시 중추 기구에 다가갈 준비가 되었다는 뜻이죠.
자, 앞으로도 더욱 의욕을 불태워 봅시다!"
63,제13호,푸른돌 임반으로 우주 라이너 연장,"푸른돌 임반 최심부까지 우주 라이너가 연장되었습니다!

이에 따라 도시를 순환하는 에테르류도 한층 더 활성화되었습니다…….
계측을 진행한 연구팀에 따르면, 언어적인 패턴이 검출되어 마법대학 고고학부의 협력을 받아 번역할 수 있는지 분석을 서두르고 있다고 합니다.

하지만 이 에테르류가 반복적이라는 것이 신경 쓰입니다.
즉, '같은 문장을 반복해서 발산하고 있는' 상태라는 겁니다.
그렇다면 일상적인 도시 기능은 복구되었지만, 선구자들의 지성이 숨겨진 더욱 핵심적인 기구는 잠에서 깨어나지 않았다는 것이겠죠.
유달리 크게 솟아 있는 커다란 흰색 나무 탑을 복구하면 상황이 달라질까요?
선구자들이 품은 비밀의 중심에 다가가기 위해 앞으로도 많은 협력을 부탁드립니다!"
64,제14호,로더 격납고 기능 개선,"도시 중추에 있는 탑에 도전하기 위해 로더 격납고를 업그레이드했습니다!
새롭게 개조한 파워 로더에 대응할 수 있게 되었고, 점검 기능도 크게 확장되었습니다!
게다가 고속 뇌력 충전도 가능하게 되어, 많은 기체를 동시에 출동시킬 수 있게 되었습니다.

더불어 기지 내부의 휴식 공간에는 나무를 더 늘렸고, 중앙에는 중앙 크리스탈과 중요 교신 기기를 덮도록 방패 지붕을 설치했습니다!
이 나무꾼 기지도 슬슬 완성되어 가고 있는 것 같지 않나요?

푸른 녹음과 목제 벤치에서 휴식을 취한 뒤에는 도시 중추에 도전하기 위해 다시 한번 힘을 내 봅시다!"
65,제15호,중추 삼림 상층 환경 정비,"신형 파워 로더를 사용해 드디어 도시 중심부 '중추 삼림' 상층에 도달하는 데 성공했습니다!
저도 현지에 가봤는데, 훌쩍 높은 곳에서 바라보는 도심부는 정말 절경이더군요……!!
상층에는 가지처럼 여러 갈래로 나뉜 반구 형태의 실내 시설이 여럿 존재하며, 모두 도시의 뇌라고 부를 수 있을 정도로 중요한 기구를 갖고 있는 것으로 보입니다.
그리고 하층 숲섬 전역의 도시 기구가 복구된 것과, 로더를 이용한 연금제 분사를 통해 상층의 에테르류가 활성화되면서 그동안 완전히 휴면 상태였던 중추 삼림도 깨어날 조짐이 확인되었다고 합니다.
우주 라이너 정거장도 건설되었으니, 중추 시설에 다가갈 준비는 이제 완벽합니다!"
66,제16호,대모 월계수 재기동,"이 별에서 가장 중요한 시설로 추정되는 중추 시설 '대모 월계수'의 재기동 준비가 완료되었습니다!

이곳도 하층에서 본 여러 숲섬과 마찬가지로 많은 나무들이 활력을 잃었습니다만, 우리의 연금제를 분사하여 에테르류를 활성화하는 데 성공했습니다.
그 결과, 우리는 수수께끼의 거대 구체와 그것을 지탱하는 듯이 뻗어 있는 신비로운 나무 한 그루를 확인했습니다.
연구팀은 중앙 연산 시스템 같은 것으로 추측하고 있습니다만, 과연 무엇일까요…….

대모 월계수를 완전히 깨우려면, 섬세한 부분에 수작업으로 에테르류를 연결해야만 합니다.
연결 방법을 찾는 건 연구팀에게 맡기고 때를 기다립시다."
67,제17호,선구자들의 나무들이 부르는 노래,"대모 월계수를 둘러싼 이 별은 아름다운 초록빛을 완전히 되찾았으며, 나무들이 내는 소리는 마치 선구자들이 우리에게 노래를 불러주는 듯이 느껴지기도 합니다.
우리가 도착했을 당시 행성 아욱세시아는 녹음은 우거졌지만, 곳곳에 문제가 있었습니다.
하지만 이제 그 문제들은 해결되었고, 도시를 뒤덮은 에테르는 막힘없이 흐르고 있습니다.

우리 우주 개척 계획 기구에는 처음부터 내걸었던 목표가 있습니다.
우주에 있는 별들을 돌아보며, 그곳에 살았던 생명과 만나는 것…….
비록 손을 맞잡지는 못했더라도 잔잔하게 흐르고 있는 그들의 숨결을 피부로 느낄 수 있었다고, 저는 그렇게 믿고 싶습니다.

탐색 계획은 이걸로 일단락됩니다만, 우주에 미지가 있는 한 우리의 활동은 끝나지 않을 겁니다!
우주의 길을 돌아보는 여행은 결코 이곳이 끝이 아니니까요!
이상, 레포팅웨이였습니다."
